name,company,year,kms_driven,fuel_type,Predicted_Price
Hyundai Santro Xing XO eRLX Euro III,Hyundai,2007,45000,Petrol,87680
Mahindra Jeep CL550 MDI,Mahindra,2006,40,Diesel,422480
Hyundai Grand i10 Magna 1.2 Kappa VTVT,Hyundai,2014,28000,Petrol,267230
Ford EcoSport Titanium 1.5L TDCi,Ford,2014,36000,Diesel,590663
Ford Figo,Ford,2012,41000,Diesel,222596
Hyundai Eon,Hyundai,2013,25000,Petrol,196300
Ford EcoSport Ambiente 1.5L TDCi,Ford,2016,24530,Diesel,808090
Maruti Suzuki Alto K10 VXi AMT,Maruti,2015,60000,Petrol,239668
Skoda Fabia Classic 1.2 MPI,Skoda,2010,60000,Petrol,182010
Maruti Suzuki Stingray VXi,Maruti,2015,30000,Petrol,319511
Hyundai Elite i20 Magna 1.2,Hyundai,2014,32000,Petrol,393199
Mahindra Scorpio SLE BS IV,Mahindra,2015,48660,Diesel,316829
Hyundai Santro Xing XO eRLX Euro III,Hyundai,2007,45000,Petrol,87680
Mahindra Jeep CL550 MDI,Mahindra,2006,40,Diesel,422480
Audi A8,Audi,2017,4000,Petrol,837984
Audi Q7,Audi,2014,16934,Diesel,574919
Mahindra Scorpio S10,Mahindra,2016,43000,Diesel,634050
Maruti Suzuki Alto 800,Maruti,2014,35550,Petrol,235099
Mahindra Scorpio S10,Mahindra,2016,43000,Diesel,634050
Mahindra Scorpio S10,Mahindra,2016,39522,Diesel,471500
Maruti Suzuki Alto 800 Vxi,Maruti,2015,39000,Petrol,168275
Hyundai i20 Sportz 1.2,Hyundai,2012,55000,Petrol,115100
Hyundai i20 Sportz 1.2,Hyundai,2012,55000,Petrol,115100
Hyundai i20 Sportz 1.2,Hyundai,2012,55000,Petrol,115100
Maruti Suzuki Alto 800 Lx,Maruti,2017,72000,Petrol,254930
Maruti Suzuki Vitara Brezza ZDi,Maruti,2016,15975,Diesel,427499
Maruti Suzuki Alto LX,Maruti,2008,70000,Petrol,108349
Mahindra Bolero DI,Mahindra,2017,23452,Diesel,231809
Maruti Suzuki Swift Dzire ZDi,Maruti,2014,35522,Diesel,470109
Mahindra Scorpio S10 4WD,Mahindra,2015,48508,Diesel,276229
Maruti Suzuki Swift Vdi BSIII,Maruti,2017,15487,Petrol,208319
Maruti Suzuki Wagon R VXi BS III,Maruti,2013,39000,Petrol,109089
Maruti Suzuki Wagon R VXi Minor,Maruti,2013,39000,Petrol,109089
Toyota Innova 2.0 G 8 STR BS IV,Toyota,2012,82000,Diesel,618789
Renault Lodgy 85 PS RXL,Renault,2018,20000,Diesel,667699
Skoda Yeti Ambition 2.0 TDI CR 4x2,Skoda,2012,68000,Diesel,393619
Maruti Suzuki Baleno Delta 1.2,Maruti,2017,32000,Diesel,568619
Renault Duster 110 PS RxZ Diesel Plus,Renault,2012,38000,Diesel,523906
Renault Duster 85 PS RxE Diesel,Renault,2013,27000,Diesel,579749
Honda City 1.5 S MT,Honda,2011,33000,Petrol,260179
Maruti Suzuki Alto K10 VXi AMT,Maruti,2015,60000,Petrol,239668
Maruti Suzuki Dzire,Maruti,2013,46000,Diesel,359059
Honda Amaze,Honda,2013,46000,Diesel,285929
Honda Amaze 1.5 SX i DTEC,Honda,2015,36000,Diesel,414324
Honda City,Honda,2015,55000,Petrol,490274
Datsun Redi GO S,Datsun,2017,16000,Petrol,248139
Maruti Suzuki SX4 ZXI MT,Maruti,2010,36000,Petrol,239494
Mitsubishi Pajero Sport Limited Edition,Mitsubishi,2015,47000,Diesel,1450749
Mahindra Bolero DI,Mahindra,2017,23452,Diesel,231809
Maruti Suzuki Swift Dzire ZDi,Maruti,2014,35522,Diesel,470109
Mahindra Scorpio S10 4WD,Mahindra,2015,48508,Diesel,276229
Maruti Suzuki Swift Vdi BSIII,Maruti,2017,15487,Petrol,208319
Maruti Suzuki Wagon R VXi BS III,Maruti,2013,39000,Petrol,109089
Maruti Suzuki Wagon R VXi Minor,Maruti,2013,39000,Petrol,109089
Mahindra Scorpio S10,Mahindra,2015,35000,Diesel,522489
Maruti Suzuki Swift VXi 1.2 ABS BS IV,Maruti,2017,30874,Petrol,290179
Honda City ZX CVT,Honda,2017,15000,Diesel,342439
Maruti Suzuki Wagon R LX BS IV,Maruti,2013,29685,Petrol,181433
Ford Figo,Ford,2012,41000,Diesel,222596
Hyundai Eon,Hyundai,2013,25000,Petrol,196300
Tata Indigo eCS LS CR4 BS IV,Tata,2017,130000,Diesel,213200
Ford EcoSport Ambiente 1.5L TDCi,Ford,2016,24530,Diesel,808090
Tata Indigo eCS LS CR4 BS IV,Tata,2017,130000,Diesel,213200
Mahindra Scorpio SLE BS IV,Mahindra,2012,19000,Diesel,546820
Volkswagen Polo Highline Exquisite P,Volkswagen,2014,60000,Petrol,307549
Skoda Fabia Classic 1.2 MPI,Skoda,2010,60000,Petrol,182010
Maruti Suzuki Stingray VXi,Maruti,2015,30000,Petrol,319511
Chevrolet Spark LS 1.0,Chevrolet,2010,41000,Petrol,127523
Renault Duster 110PS Diesel RxZ,Renault,2012,35000,Diesel,501000
Honda City,Honda,2015,54000,Petrol,455289
Mini Cooper S 1.6,Mini,2013,13000,Petrol,1891111
Datsun Redi GO S,Datsun,2017,16000,Petrol,248139
Skoda Fabia 1.2L Diesel Ambiente,Skoda,2011,38200,Diesel,160655
Honda Amaze,Honda,2015,22000,Petrol,347289
Honda Amaze,Honda,2015,22000,Petrol,347289
Renault Duster,Renault,2014,50000,Diesel,453422
Mini Cooper S 1.6,Mini,2013,13500,Petrol,1891111
Mahindra Scorpio S4,Mahindra,2015,30000,Diesel,854995
Mahindra Scorpio VLX 2WD BS IV,Mahindra,2014,50000,Diesel,762996
Mahindra Quanto C8,Mahindra,2013,20000,Diesel,405599
Ford EcoSport,Ford,2017,39000,Petrol,484949
Honda Brio,Honda,2012,30000,Petrol,230979
Volkswagen Vento Highline Plus 1.5 Diesel AT,Volkswagen,2019,3600,Diesel,1113079
Hyundai i20 Magna,Hyundai,2009,32000,Petrol,211775
Toyota Corolla Altis Diesel D4DG,Toyota,2010,38000,Diesel,363809
Hyundai Verna Transform SX VTVT,Hyundai,2008,45000,Petrol,138656
Toyota Corolla Altis Petrol Ltd,Toyota,2009,35000,Petrol,234079
Honda City 1.5 EXi New,Honda,2005,50000,Petrol,95165
Hyundai Elite i20 Magna 1.2,Hyundai,2014,32000,Petrol,393199
Skoda Fabia 1.2L Diesel Elegance,Skoda,2011,45863,Diesel,180724
BMW 3 Series 320i,BMW,2011,60500,Petrol,744360
Maruti Suzuki A Star Lxi,Maruti,2011,12500,Petrol,189651
Toyota Etios GD,Toyota,2013,60000,Diesel,608392
Ford Figo Diesel EXI Option,Ford,2012,35000,Diesel,284859
Maruti Suzuki Swift Dzire VXi 1.2 BS IV,Maruti,2014,35000,Petrol,343649
Chevrolet Beat LT Diesel,Chevrolet,2012,45000,Diesel,158311
BMW 7 Series 740Li Sedan,BMW,2009,35000,Petrol,1267890
Mahindra XUV500 W8 AWD 2013,Mahindra,2013,38000,Diesel,585719
Hyundai i10 Magna 1.2,Hyundai,2014,18000,Petrol,318489
Hyundai Verna Fluidic New,Hyundai,2015,35000,Diesel,530262
Maruti Suzuki Swift VXi 1.2 BS IV,Maruti,2013,13349,Petrol,348297
Maruti Suzuki Ertiga ZXI Plus,Maruti,2016,29000,Petrol,590950
Ford EcoSport Titanium 1.5L TDCi,Ford,2014,44000,Diesel,530589
Maruti Suzuki Ertiga Vxi,Maruti,2016,29000,Petrol,590950
Maruti Suzuki Ertiga VDi,Maruti,2013,42000,Diesel,450200
Maruti Suzuki Alto LXi BS III,Maruti,2012,14000,Petrol,180155
Hyundai Grand i10 Asta 1.1 CRDi,Hyundai,2014,49000,Diesel,350951
Honda Amaze 1.2 S i VTEC,Honda,2014,42000,Petrol,362389
Hyundai i20 Asta 1.4 CRDI 6 Speed,Hyundai,2012,36200,Diesel,351430
Ford Figo Diesel EXI,Ford,2014,50000,Diesel,244024
Maruti Suzuki Eeco 5 STR WITH AC HTR,Maruti,2015,55000,Petrol,248365
Maruti Suzuki Ertiga ZXi,Maruti,2014,45000,Petrol,521389
Maruti Suzuki Esteem LXi BS III,Maruti,2007,51000,Petrol,78036
Maruti Suzuki Ritz VXI,Maruti,2014,19000,Petrol,294699
Maruti Suzuki Dzire,Maruti,2009,46000,Petrol,222270
Maruti Suzuki Ritz LDi,Maruti,2013,33000,Diesel,527199
Maruti Suzuki Swift VXi 1.2 BS IV,Maruti,2013,13349,Petrol,348297
Maruti Suzuki Dzire VDI,Maruti,2015,104000,Diesel,445887
Toyota Etios Liva G,Toyota,2014,55000,Petrol,356788
Hyundai i20 Sportz 1.4 CRDI,Hyundai,2011,33333,Diesel,355079
Chevrolet Spark,Chevrolet,2012,33600,Petrol,170608
Maruti Suzuki Alto K10 VXi AMT,Maruti,2017,5600,Petrol,320193
Nissan Micra XV,Nissan,2011,41000,Petrol,181579
Maruti Suzuki Swift,Maruti,2007,70000,Petrol,118149
Maruti Suzuki Alto 800,Maruti,2018,7500,Petrol,231699
Honda Amaze 1.5 S i DTEC,Honda,2013,45000,Diesel,401939
Maruti Suzuki Alto 800 Vxi,Maruti,2015,38000,Petrol,200824
Chevrolet Beat,Chevrolet,2015,30000,Petrol,199829
Toyota Corolla,Toyota,2009,26000,,308689
Honda City 1.5 V MT,Honda,2010,35000,Petrol,256874
Ford EcoSport Trend 1.5L TDCi,Ford,2016,24330,Diesel,808090
Hyundai i20 Asta 1.2,Hyundai,2009,65480,Petrol,192449
Maruti Suzuki Swift Dzire VXi 1.2 BS IV,Maruti,2013,41000,Petrol,285409
Tata Indica V2 eLS,Tata,2006,20000,Petrol,90230
Hindustan Motors Ambassador,Hindustan,2000,200000,Diesel,183859
Toyota Corolla Altis 1.8 GL,Toyota,2010,70000,Petrol,260824
Toyota Corolla Altis 1.8 J,Toyota,2012,59000,Petrol,304749
Toyota Innova 2.5 GX BS IV 7 STR,Toyota,2012,99000,Diesel,788189
Volkswagen Jetta Highline TDI AT,Volkswagen,2014,46000,Diesel,649849
Volkswagen Polo Comfortline 1.2L P,Volkswagen,2015,2800,Petrol,631905
Volkswagen Polo,Volkswagen,2014,32000,Petrol,312879
Mahindra Scorpio,Mahindra,2015,22000,Diesel,857542
Renault Duster,Renault,2014,50000,Diesel,453422
Honda Amaze,Honda,2015,22000,Petrol,347289
Nissan Sunny,Nissan,2012,45000,Petrol,230089
Hyundai Elite i20,Hyundai,2018,21000,Petrol,481899
Renault Kwid,Renault,2016,11000,Petrol,322949
Renault Duster,Renault,2013,41000,Diesel,438768
Ford EcoSport,Ford,2017,39000,Petrol,484949
Renault Duster,Renault,2014,50000,Diesel,453422
Mahindra Scorpio VLX Airbag,Mahindra,2011,66000,Diesel,425949
Maruti Suzuki Alto 800 Lxi,Maruti,2018,3000,Petrol,400599
Chevrolet Spark LT 1.0,Chevrolet,2010,45000,Petrol,95983
Datsun Redi GO T O,Datsun,2016,7000,Petrol,274359
Maruti Suzuki Swift RS VDI,Maruti,2010,38500,Diesel,186556
Fiat Punto Emotion 1.2,Fiat,2012,37200,Diesel,351313
Maruti Suzuki Swift RS VDI,Maruti,2010,43200,Diesel,175263
Toyota Etios GD,Toyota,2013,24800,Petrol,275150
Hyundai i20 Sportz 1.4 CRDI,Hyundai,2014,60000,Diesel,401388
Hyundai i10 Sportz 1.2,Hyundai,2010,45872,Petrol,170574
Chevrolet Beat LT Opt Diesel,Chevrolet,2011,40000,Diesel,192775
Chevrolet Beat LS Diesel,Chevrolet,2011,45000,Diesel,157364
Chevrolet Beat LT Diesel,Chevrolet,2012,38000,Diesel,215754
Mahindra Scorpio VLX 2WD BS IV,Mahindra,2014,50000,Diesel,762996
Tata Indigo CS,Tata,2011,11400,Diesel,179950
Toyota Corolla Altis 1.8 J,Toyota,2015,42000,Petrol,567614
Honda City 1.5 V MT,Honda,2014,39000,Petrol,532609
Maruti Suzuki Swift VDi,Maruti,2011,47000,Diesel,216595
Hyundai Eon Era Plus,Hyundai,2013,27000,Petrol,199800
Mahindra Scorpio S10,Mahindra,2015,97200,Diesel,888450
Mahindra XUV500,Mahindra,2014,52000,Diesel,786565
Honda Brio,Honda,2012,30000,Petrol,230979
Ford Fiesta,Ford,2011,55000,Diesel,251914
Honda Amaze,Honda,2013,46000,Diesel,285929
Honda City,Honda,2015,30000,Diesel,582937
Maruti Suzuki Wagon R,Maruti,2012,44000,Petrol,218550
Honda City,Honda,2014,45000,Diesel,724779
Hyundai i20,Hyundai,2009,31000,Petrol,209355
Tata Indigo eCS LX TDI BS III,Tata,2016,175430,Diesel,318300
Hyundai Fluidic Verna 1.6 CRDi SX,Hyundai,2015,38000,Diesel,538299
Mahindra Quanto C8,Mahindra,2013,37000,Diesel,403560
Fiat Petra ELX 1.2 PS,Fiat,2008,65000,Petrol,85099
Skoda Fabia 1.2L Diesel Ambiente,Skoda,2011,38200,Diesel,160655
Mini Cooper S 1.6,Mini,2013,13000,Petrol,1891111
Hyundai Santro Xing XS,Hyundai,2005,7500,Petrol,66010
Maruti Suzuki Ciaz VXi Plus,Maruti,2016,3350,Petrol,582889
Maruti Suzuki Zen VX,Maruti,2000,60000,Petrol,45019
Honda City,Honda,2015,54000,Petrol,455289
Hyundai Creta 1.6 SX Plus Petrol,Hyundai,2017,32000,Petrol,755708
Mahindra Scorpio SLX,Mahindra,2007,75000,Diesel,319550
Mahindra Scorpio SLE BS IV,Mahindra,2012,62000,Diesel,424838
Toyota Innova 2.5 G BS III 8 STR,Toyota,2006,73000,Diesel,348699
Maruti Suzuki Alto K10 VXi AMT,Maruti,2011,41000,Petrol,181411
Maruti Suzuki Wagon R LXI BS IV,Maruti,2011,35000,Petrol,204846
Tata Nano Cx BSIV,Tata,2013,2200,Petrol,66639
Maruti Suzuki Alto Std BS IV,Maruti,2013,39000,Petrol,109089
Maruti Suzuki Wagon R LXi BS III,Maruti,2009,45000,Petrol,123464
Maruti Suzuki Swift VXI BSIII,Maruti,2006,45000,Petrol,110473
Tata Sumo Victa EX 10 by 7 Str BSIII,Tata,2012,65000,Diesel,229150
Maruti Suzuki Wagon R LXi BS III,Maruti,2010,54870,Petrol,144699
Maruti Suzuki Alto LXi BS III,Maruti,2010,34580,Petrol,146534
Volkswagen Passat Diesel Comfortline AT,Volkswagen,2009,97000,Diesel,392789
Renault Scala RxL Diesel Travelogue,Renault,2015,25000,Diesel,386999
Mahindra Quanto C8,Mahindra,2013,20000,Diesel,405599
Hyundai Grand i10 Sportz O 1.2 Kappa VTVT,Hyundai,2014,20000,Petrol,366396
Hyundai i20 Active 1.2 SX,Hyundai,2015,18000,Petrol,487710
Mahindra Xylo E4,Mahindra,2012,35000,Diesel,408510
Mahindra Jeep MM 550 XDB,Mahindra,2019,60,Diesel,388570
Renault Duster 110PS Diesel RxZ,Renault,2012,35000,Diesel,501000
Mahindra Bolero SLE BS IV,Mahindra,2013,80200,Diesel,384649
Force Motors Force One LX ABS 7 STR,Force,2015,3200,Diesel,601900
Maruti Suzuki SX4,Maruti,2012,46000,Diesel,296294
Mahindra Jeep CL550 MDI,Mahindra,2019,0,Diesel,379990
Maruti Suzuki Alto 800,Maruti,2015,5000,Petrol,225362
Mahindra Jeep CL550 MDI,Mahindra,2018,588,Diesel,400900
Toyota Etios,Toyota,2011,36000,Diesel,334019
Volkswagen Polo,Volkswagen,2015,38000,Diesel,393399
Honda City ZX VTEC,Honda,2008,45000,Petrol,121159
Maruti Suzuki Wagon R LX BS III,Maruti,2006,71200,Petrol,99094
Honda City VX O MT Diesel,Honda,2016,52000,Diesel,480579
Mahindra Thar CRDe 4x4 AC,Mahindra,2016,29000,Diesel,691176
Mitsubishi Pajero Sport Limited Edition,Mitsubishi,2015,47000,Diesel,1450749
Audi A4 1.8 TFSI Multitronic Premium Plus,Audi,2009,47000,Petrol,617295
Mercedes Benz GLA Class 200 CDI Sport,Mercedes,2015,20000,Diesel,1622399
Land Rover Freelander 2 SE,Land,2015,30000,Diesel,1610965
Renault Kwid RXT,Renault,2017,5000,Petrol,418880
Tata Aria Pleasure 4X2,Tata,2014,35000,Diesel,352649
Mercedes Benz B Class B180 Sports,Mercedes,2014,31000,Petrol,1391509
Datsun GO T O,Datsun,2016,7000,Petrol,274359
Tata Indigo eCS LX TDI BS III,Tata,2016,175430,Diesel,318300
Tata Indigo eCS LX TDI BS III,Tata,2016,175400,Diesel,318300
Honda Jazz VX MT,Honda,2016,41000,Petrol,483469
Honda Amaze 1.2 S i VTEC,Honda,2014,33000,Petrol,314569
Honda Amaze,Honda,2013,46000,Diesel,285929
Honda City,Honda,2012,45000,Petrol,343484
Honda City,Honda,2015,39000,Diesel,529419
Honda Amaze,Honda,2015,22000,Petrol,347289
Audi A4 1.8 TFSI Multitronic Premium Plus,Audi,2009,47000,Petrol,617295
Force Motors Force One LX ABS 7 STR,Force,2015,3200,Diesel,601900
Mahindra Scorpio S4,Mahindra,2015,30000,Diesel,854995
Hyundai i20 Active 1.4L SX O,Hyundai,2015,37000,Diesel,587674
Mini Cooper S,Mini,2013,13000,Petrol,1891111
Maruti Suzuki Ciaz ZXI Plus,Maruti,2017,14000,Petrol,507659
Chevrolet Tavera Neo,Chevrolet,2013,55000,Diesel,333458
Honda Amaze,Honda,2013,46000,Diesel,285929
Hyundai Eon Sportz,Hyundai,2012,30000,Petrol,187113
Tata Sumo Gold Select Variant,Tata,2013,50000,Diesel,242099
Maruti Suzuki Wagon R 1.0,Maruti,2003,45000,Petrol,87456
Maruti Suzuki Esteem VXi BS III,Maruti,2006,45000,Petrol,110473
Maruti Suzuki Eeco 5 STR WITH AC HTR,Maruti,2015,9300,Petrol,267937
Chevrolet Enjoy 1.4 LS 8 STR,Chevrolet,2013,55000,Diesel,333458
Hyundai i20 Asta 1.4 CRDI 6 Speed,Hyundai,2012,36200,Diesel,351430
Ford Figo Diesel EXI,Ford,2014,50000,Diesel,244024
Maruti Suzuki Eeco 5 STR WITH AC HTR,Maruti,2015,55000,Petrol,248365
Maruti Suzuki Ertiga ZXi,Maruti,2014,45000,Petrol,521389
Maruti Suzuki Esteem LXi BS III,Maruti,2007,51000,Petrol,78036
Maruti Suzuki Ritz VXI,Maruti,2014,19000,Petrol,294699
Maruti Suzuki Dzire,Maruti,2009,46000,Petrol,222270
Maruti Suzuki Ritz LDi,Maruti,2013,33000,Diesel,527199
Maruti Suzuki SX4 ZXI MT,Maruti,2010,36000,Petrol,239494
Maruti Suzuki Wagon R 1.0 VXi,Maruti,2015,22000,Petrol,370736
Mini Cooper S 1.6,Mini,2013,13500,Petrol,1891111
Nissan Terrano XL D Plus,Nissan,2015,60000,Diesel,520389
Renault Duster 85 PS RxE Diesel,Renault,2013,27000,Diesel,579749
Renault Duster 85 PS RxE Diesel,Renault,2014,59000,Diesel,463784
Renault Duster 85 PS RxL Diesel,Renault,2015,19000,Diesel,543239
Maruti Suzuki Dzire ZXI,Maruti,2013,30000,Petrol,294183
Renault Kwid RXT Opt,Renault,2018,15000,Petrol,369079
Maruti Suzuki Maruti 800 Std,Maruti,2003,56758,Petrol,57809
Renault Kwid 1.0 RXT AMT,Renault,2018,10000,Petrol,353749
Renault Lodgy 85 PS RXL,Renault,2018,20000,Diesel,667699
Renault Scala RxL Diesel,Renault,2014,49000,Diesel,379311
Hyundai Grand i10 Asta 1.2 Kappa VTVT O,Hyundai,2014,41000,Petrol,357372
Maruti Suzuki Swift Dzire VXi 1.2 BS IV,Maruti,2011,45000,Petrol,205873
Chevrolet Beat LS Petrol,Chevrolet,2010,43000,Petrol,117079
Tata Indigo eCS LX TDI BS III,Tata,2016,175430,Diesel,318300
Hyundai Santro Xing XO eRLX Euro III,Hyundai,2000,56450,Petrol,52217
Hyundai Fluidic Verna 1.6 CRDi SX,Hyundai,2015,38000,Diesel,538299
Chevrolet Beat LS Petrol,Chevrolet,2010,56000,Petrol,104539
Mahindra Quanto C8,Mahindra,2013,37000,Diesel,403560
Fiat Petra ELX 1.2 PS,Fiat,2008,65000,Petrol,85099
Chevrolet Beat LS Petrol,Chevrolet,2015,32700,Petrol,228824
Skoda Fabia 1.2L Diesel Ambiente,Skoda,2011,38200,Diesel,160655
Ford EcoSport Titanium 1.5L TDCi,Ford,2016,30000,Diesel,663959
Hyundai Accent GLX,Hyundai,2006,56000,Petrol,84239
Mahindra TUV300 T4 Plus,Mahindra,2016,9000,Diesel,657339
Mini Cooper S 1.6,Mini,2013,13000,Petrol,1891111
Mini Cooper S 1.6,Mini,2013,13000,Petrol,1891111
Tata Indica V2 Xeta e GLE,Tata,2008,11000,Petrol,140340
Mini Cooper S,Mini,2013,13000,Petrol,1891111
Tata Indigo CS LS DiCOR,Tata,2009,46000,Diesel,90759
Maruti Suzuki Swift VXi 1.2 ABS BS IV,Maruti,2019,73,Petrol,600630
Mahindra Scorpio VLX Special Edition BS III,Mahindra,2004,160000,Diesel,227739
Honda Accord,Honda,2009,58559,Petrol,204496
Mahindra Scorpio S4,Mahindra,2015,30000,Diesel,854995
Chevrolet Tavera Neo,Chevrolet,2013,55000,Diesel,333458
Ford EcoSport Titanium 1.5 TDCi,Ford,2014,57000,Diesel,394759
Maruti Suzuki Ertiga,Maruti,2015,50000,Diesel,508242
Honda Amaze,Honda,2014,37000,Petrol,341973
Maruti Suzuki Dzire,Maruti,2012,40000,Petrol,262490
Honda City,Honda,2011,55000,Petrol,278268
Mahindra Scorpio 2.6 CRDe,Mahindra,2007,170000,Diesel,252600
Maruti Suzuki Dzire,Maruti,2014,55000,Diesel,394294
Honda City,Honda,2015,39000,Petrol,571365
Honda Mobilio,Honda,2014,44000,Petrol,396169
Toyota Corolla Altis,Toyota,2009,65000,Petrol,212549
Honda City,Honda,2014,39000,Petrol,532609
Skoda Laura,Skoda,2012,44000,Diesel,366474
Renault Duster,Renault,2015,49000,Diesel,422464
Maruti Suzuki Ertiga,Maruti,2018,9000,Diesel,728619
Maruti Suzuki Dzire,Maruti,2015,45000,Diesel,586239
Mahindra XUV500,Mahindra,2014,47000,Diesel,1448309
Hyundai Verna Fluidic,Hyundai,2012,40000,Diesel,615336
Maruti Suzuki Vitara Brezza,Maruti,2016,29000,Diesel,655829
Maruti Suzuki Wagon R,Maruti,2016,15000,Petrol,344229
Mahindra Scorpio,Mahindra,2015,45000,Diesel,1772489
Honda Amaze,Honda,2014,35000,Petrol,294599
Mahindra XUV500,Mahindra,2013,80000,Diesel,607849
Mahindra Scorpio,Mahindra,2013,68000,Diesel,510348
Skoda Laura,Skoda,2013,50000,Diesel,382709
Volkswagen Polo,Volkswagen,2010,60000,Diesel,219569
Hyundai Elite i20,Hyundai,2016,9000,Petrol,659849
Tata Manza Aura Quadrajet,Tata,2012,72000,Diesel,162150
Chevrolet Sail UVA Petrol LT ABS,Chevrolet,2013,60000,Petrol,214099
Renault Duster 110 PS RxZ Diesel Plus,Renault,2012,38000,Diesel,523906
Hyundai Verna Fluidic 1.6 VTVT SX,Hyundai,2013,45000,Diesel,386599
Audi A4 2.0 TDI 177bhp Premium,Audi,2012,40000,Diesel,899122
Hyundai Elantra SX,Hyundai,2013,20000,Petrol,337433
Mahindra Scorpio VLX 4WD Airbag,Mahindra,2013,35000,Diesel,541719
Mahindra KUV100 K8 D 6 STR,Mahindra,2016,20000,Diesel,467699
Renault Scala RxL Diesel Travelogue,Renault,2015,25000,Diesel,386999
Mahindra Quanto C8,Mahindra,2013,20000,Diesel,405599
Hyundai Grand i10 Sportz O 1.2 Kappa VTVT,Hyundai,2014,20000,Petrol,366396
Hyundai i20 Active 1.2 SX,Hyundai,2015,18000,Petrol,487710
Mahindra Xylo E4,Mahindra,2012,35000,Diesel,408510
Hyundai Grand i10,Hyundai,2017,6821,Petrol,588099
Hyundai i20,Hyundai,2014,23000,Petrol,407389
Hyundai Eon,Hyundai,2014,14000,Petrol,291279
Hyundai i10,Hyundai,2012,38000,Petrol,215681
Hyundai i20 Active,Hyundai,2015,35000,Diesel,530262
Datsun Redi GO,Datsun,2017,22000,Petrol,270749
Toyota Etios Liva,Toyota,2011,41000,Petrol,258759
Hyundai Accent,Hyundai,2010,45000,Petrol,115465
Hyundai Verna,Hyundai,2014,44000,Diesel,525979
Maruti Suzuki Swift,Maruti,2013,45000,Diesel,362529
Toyota Fortuner,Toyota,2011,52000,Diesel,744829
Hyundai i10 Sportz,Hyundai,2012,34000,Petrol,227994
Mahindra Bolero Power Plus SLE,Mahindra,2018,1800,Diesel,647860
Mahindra XUV500,Mahindra,2015,15000,Diesel,876883
Honda City 1.5 V MT Exclusive,Honda,2010,400000,Petrol,290305
Chevrolet Spark LT 1.0 Airbag,Chevrolet,2009,44000,Petrol,121470
Mahindra Jeep MM 550 XDB,Mahindra,2019,60,Diesel,388570
Renault Duster 110PS Diesel RxZ,Renault,2012,35000,Diesel,501000
Mahindra XUV500,Mahindra,2016,72000,Diesel,917040
Tata Indigo eCS VX CR4 BS IV,Tata,2014,40000,Diesel,284340
Mahindra Bolero SLE BS IV,Mahindra,2013,80200,Diesel,384649
Force Motors Force One LX ABS 7 STR,Force,2015,3200,Diesel,601900
Skoda Rapid Elegance 1.6 TDI CR MT,Skoda,2013,48000,Diesel,358754
Tata Vista Quadrajet VX,Tata,2011,90000,Diesel,139041
Maruti Suzuki Alto K10 VXi AT,Maruti,2015,12000,Petrol,274240
Maruti Suzuki SX4,Maruti,2012,46000,Diesel,296294
Maruti Suzuki Zen LXi BS III,Maruti,2003,69900,Petrol,74110
Mahindra Jeep CL550 MDI,Mahindra,2019,0,Diesel,379990
Hyundai i10 Magna 1.2,Hyundai,2011,45000,Petrol,175393
Maruti Suzuki Alto 800,Maruti,2015,5000,Petrol,225362
Maruti Suzuki Swift Dzire Tour LDi,Maruti,2016,166000,Diesel,354030
Honda City ZX EXi,Honda,2008,42000,Petrol,142010
Mahindra Jeep CL550 MDI,Mahindra,2018,588,Diesel,400900
Mahindra Jeep MM 550 XDB,Mahindra,2006,122,Diesel,422480
Chevrolet Beat Diesel,Chevrolet,2017,62000,Diesel,263804
Honda City 1.5 S MT,Honda,2010,70000,Petrol,236269
Hyundai Verna 1.4 VTVT,Hyundai,2014,36000,Petrol,336249
Toyota Innova 2.5 E MS 7 STR BS IV,Toyota,2012,0,Diesel,703469
Maruti Suzuki Maruti 800 Std – Befo,Maruti,1995,55000,Petrol,104279
Toyota Etios,Toyota,2011,36000,Diesel,334019
Volkswagen Polo,Volkswagen,2015,38000,Diesel,393399
Maruti Suzuki Swift,Maruti,2014,55000,Diesel,394294
Hyundai Elite i20 Asta 1.4 CRDI,Hyundai,2015,20000,Diesel,495961
Maruti Suzuki Swift Dzire VXi 1.2 BS IV,Maruti,2012,40000,Petrol,262490
Maruti Suzuki Versa DX2 8 SEATER BSIII,Maruti,2004,50000,Petrol,85619
Tata Indigo LX TDI BS III,Tata,2016,104000,Diesel,179245
Volkswagen Vento Konekt Diesel Highline,Volkswagen,2011,65000,Diesel,238299
Mercedes Benz C Class 200 CDI Classic,Mercedes,2002,41000,Petrol,414330
Maruti Suzuki Ertiga VDi,Maruti,2013,90000,Diesel,452849
Honda City,Honda,2000,80000,Petrol,64819
Hyundai Santro Xing GLS,Hyundai,2006,46000,Petrol,85323
Maruti Suzuki Omni Limited Edition,Maruti,2001,70000,Petrol,60164
Hyundai Sonata Transform 2.4 GDi MT,Hyundai,2017,36469,Diesel,356354
Hyundai Elite i20 Sportz 1.2,Hyundai,2018,7800,Petrol,598549
Volkswagen Vento Konekt Diesel Highline,Volkswagen,2011,65000,Diesel,238299
Maruti Suzuki Alto 800 Lxi,Maruti,2017,60000,Petrol,249250
Maruti Suzuki Alto LXi BS III,Maruti,2011,32000,Petrol,169120
Honda Jazz S MT,Honda,2009,24695,Petrol,174553
Hyundai Grand i10 Sportz 1.2 Kappa VTVT,Hyundai,2017,15141,Petrol,478839
Maruti Suzuki Zen LXi BSII,Maruti,2001,40000,Petrol,43404
Mahindra Scorpio W Turbo 2.6DX 9 Seater,Mahindra,2012,65000,Diesel,249449
Maruti Suzuki Alto K10 VXi,Maruti,2014,22000,Petrol,313331
Hyundai Grand i10 Asta 1.2 Kappa VTVT,Hyundai,2016,59910,Diesel,435900
Mahindra XUV500 W8,Mahindra,2012,100000,Diesel,479949
Hyundai Creta 1.6 SX Plus Petrol,Hyundai,2016,25000,Petrol,761099
Hyundai i20 Magna O 1.2,Hyundai,2013,35000,Petrol,290616
Renault Duster 85 PS RxL Explore LE,Renault,2015,65000,Diesel,629929
Hyundai Grand i10 Sportz 1.2 Kappa VTVT,Hyundai,2014,35000,Petrol,271174
Honda Brio V MT,Honda,2012,33000,Petrol,249899
Mahindra TUV300 T4 Plus,Mahindra,2017,68000,Diesel,708990
Chevrolet Spark LS 1.0,Chevrolet,2010,23000,Petrol,101035
Mahindra TUV300 T8,Mahindra,2018,4500,Diesel,895409
Maruti Suzuki Swift Dzire Tour LDi,Maruti,2015,129000,Diesel,276299
Nissan X Trail Select Variant,Nissan,2019,300,Diesel,1060104
Maruti Suzuki Alto 800 Vxi,Maruti,2015,5000,Petrol,225362
Ford Ikon 1.3 CLXi NXt Finesse,Ford,2001,65000,Petrol,48757
Toyota Fortuner 3.0 4x4 MT,Toyota,2010,131000,Diesel,747489
Tata Manza ELAN Quadrajet,Tata,2010,111111,Petrol,172758
Mercedes Benz A Class A 180 Sport Petrol,Mercedes,2013,14000,Petrol,1350221
Chevrolet Beat LS Diesel,Chevrolet,2016,22000,Diesel,271829
Ford EcoSport Trend 1.5L TDCi,Ford,2013,38000,Diesel,591519
Tata Indigo LS,Tata,2016,70000,Diesel,163290
Hyundai i20 Magna 1.2,Hyundai,2010,36000,Petrol,218339
Volkswagen Vento Highline Plus 1.5 Diesel AT,Volkswagen,2015,34000,Diesel,902908
Renault Kwid RXT,Renault,2015,43000,Petrol,350849
Ford EcoSport Titanium 1.5L TDCi,Ford,2014,40000,Diesel,573089
Honda Amaze 1.5 E i DTEC,Honda,2016,160000,Diesel,320200
Hyundai Verna 1.6 EX VTVT,Hyundai,2017,12000,Petrol,841049
BMW 5 Series 520d Sedan,BMW,2011,49000,Diesel,1134530
Skoda Superb 1.8 TFSI AT,Skoda,2011,68000,Petrol,424079
Audi Q3 2.0 TDI quattro Premium,Audi,2013,37000,Diesel,1114656
Mahindra Bolero DI BSII,Mahindra,2012,59466,Diesel,322726
Mahindra Scorpio S10,Mahindra,2015,97200,Diesel,888450
Ford Figo Duratorq Diesel Titanium 1.4,Ford,2012,99000,Diesel,312279
Maruti Suzuki Wagon R VXI BS IV,Maruti,2018,25500,Petrol,368280
Mahindra Logan Diesel 1.5 DLS,Mahindra,2009,66000,Petrol,151699
Tata Nano GenX XMA,Tata,2010,44005,Petrol,47523
Mahindra TUV300 T4 Plus,Mahindra,2016,35000,Diesel,517750
Mahindra TUV300 T4 Plus,Mahindra,2016,35000,Diesel,517750
Hyundai Elite i20 Magna 1.2,Hyundai,2015,28000,Petrol,407415
Hyundai Elite i20 Magna 1.2,Hyundai,2015,30000,Petrol,431116
Honda City SV,Honda,2017,4000,Petrol,805200
Maruti Suzuki Baleno Delta 1.2,Maruti,2016,28000,Petrol,517343
Ford Figo Petrol LXI,Ford,2011,75000,Petrol,253449
Mahindra Scorpio S10,Mahindra,2015,97200,Diesel,888450
Honda City,Honda,2017,3000,Petrol,678749
Hyundai Elite i20 Magna 1.2,Hyundai,2015,20000,Petrol,433729
Maruti Suzuki Versa DX2 8 SEATER BSIII,Maruti,2004,50000,Petrol,85619
Hyundai Eon Era Plus,Hyundai,2018,2110,Petrol,256399
Mitsubishi Pajero Sport Limited Edition,Mitsubishi,2015,43222,Petrol,1402899
Hyundai i10 Magna 1.2 Kappa2,Hyundai,2008,100200,Petrol,218250
Toyota Corolla H2,Toyota,2003,100000,Petrol,146179
Maruti Suzuki Swift Dzire Tour VXi,Maruti,2011,65,Petrol,215395
Tata Indigo CS eLS BS IV,Tata,2015,100000,Diesel,124577
Mahindra Scorpio S10,Mahindra,2015,97200,Diesel,888450
Mahindra Scorpio S10,Mahindra,2015,97200,Diesel,888450
Hyundai Xcent Base 1.1 CRDi,Hyundai,2016,140000,Diesel,350200
Honda City,Honda,2015,55000,Petrol,490274
Hyundai Accent Executive Edition,Hyundai,2009,48000,Petrol,266095
Maruti Suzuki Baleno Delta 1.2,Maruti,2016,22000,Petrol,474169
Tata Zest XE 75 PS Diesel,Tata,2018,103553,Diesel,445307
Maruti Suzuki Dzire LDI,Maruti,2017,80000,Diesel,587839
Tata Sumo Gold LX BS IV,Tata,2014,99000,Diesel,214547
Toyota Corolla Altis GL Petrol,Toyota,2010,58000,Petrol,224399
Maruti Suzuki Eeco 7 STR,Maruti,2013,70000,LPG,354809
Toyota Fortuner 3.0 4x2 MT,Toyota,2015,120000,Diesel,1452890
Mahindra XUV500 W6,Mahindra,2013,49800,Diesel,524568
Tata Tigor Revotron XZ,Tata,2019,100,Diesel,702090
Maruti Suzuki 800,Maruti,2001,81876,Petrol,52569
Maruti Suzuki Ertiga Vxi,Maruti,2015,75000,Petrol,431862
Maruti Suzuki Versa DX2 8 SEATER BSIII,Maruti,2004,50000,Petrol,85619
Honda Mobilio S i DTEC,Honda,2014,44000,Diesel,473759
Maruti Suzuki Ertiga,Maruti,2016,55000,Diesel,646352
Maruti Suzuki Vitara Brezza,Maruti,2017,36000,Diesel,597690
Hyundai Verna 1.6 CRDI E,Hyundai,2016,56000,Diesel,260240
Maruti Suzuki Swift VXI BSIII,Maruti,2007,62000,Petrol,109699
Toyota Fortuner 3.0 4x2 MT,Toyota,2015,120000,Diesel,1452890
Maruti Suzuki Omni Select Variant,Maruti,2014,6020,Petrol,236171
Honda Amaze,Honda,2013,55700,Diesel,289158
Tata Indica,Tata,2005,42000,Petrol,87209
Hyundai Santro Xing,Hyundai,2003,50000,Petrol,100456
Maruti Suzuki Zen Estilo,Maruti,2010,35000,Petrol,161744
Maruti Suzuki Wagon R LXI BS IV,Maruti,2014,18500,Petrol,264349
Maruti Suzuki Wagon R,Maruti,2007,7000,Petrol,118889
Honda Brio VX AT,Honda,2017,11000,Petrol,491799
Maruti Suzuki Zen LXi BSII,Maruti,2003,53000,Petrol,91172
Maruti Suzuki Zen Estilo LXI Green CNG,Maruti,2008,23000,Petrol,131949
Maruti Suzuki Wagon R Select Variant,Maruti,2016,35500,Diesel,430259
Maruti Suzuki Alto LXi BS III,Maruti,2010,22134,Petrol,113121
Renault Kwid RXT,Renault,2019,1000,Petrol,447224
Tata Nano Lx BSIV,Tata,2010,9000,Petrol,74611
Jaguar XE XE Portfolio,Jaguar,2016,8500,Petrol,2378749
Hyundai Eon Magna Plus,Hyundai,2014,35000,Petrol,271174
Honda City 1.5 S MT,Honda,2014,22000,Petrol,437169
Hindustan Motors Ambassador,Hindustan,2002,25000,Diesel,170744
Maruti Suzuki Ritz GENUS VXI,Maruti,2010,40000,Petrol,193706
Hyundai Grand i10 Magna AT 1.2 Kappa VTVT,Hyundai,2017,20000,Petrol,438709
Hyundai Eon D Lite Plus,Hyundai,2016,87000,Petrol,255539
Maruti Suzuki Swift Dzire VXi 1.2 BS IV,Maruti,2015,55000,Petrol,248365
Maruti Suzuki Wagon R VXI BS IV,Maruti,2017,23000,Petrol,346089
Honda Amaze 1.2 VX i VTEC,Honda,2014,6000,Petrol,475639
Maruti Suzuki Estilo VXi ABS BS IV,Maruti,2013,65000,Petrol,226799
Maruti Suzuki Vitara Brezza LDi O,Maruti,2016,25000,Diesel,576149
Maruti Suzuki Eeco 5 STR WITH AC HTR,Maruti,2015,39000,Petrol,168275
Hyundai Creta 1.6 SX Plus Petrol AT,Hyundai,2016,8000,Petrol,821249
Mahindra Scorpio Vlx BSIV,Mahindra,2013,75000,Diesel,662649
Maruti Suzuki Ertiga VDi,Maruti,2012,51000,Diesel,418739
Mitsubishi Lancer 1.8 LXi,Mitsubishi,2006,50000,Petrol,137507
Maruti Suzuki Maruti 800 AC,Maruti,2001,75000,Petrol,48450
Maruti Suzuki Alto 800 LXI CNG O,Maruti,2015,55800,Petrol,155499
Hyundai Grand i10 Magna 1.2 Kappa VTVT,Hyundai,2015,53000,Petrol,370879
Hyundai Eon D Lite Plus,Hyundai,2018,25000,Petrol,309499
Ford Fiesta SXi 1.6 ABS,Ford,2009,56400,Petrol,228716
Maruti Suzuki Ritz VDi,Maruti,2010,72160,Diesel,191830
Hyundai Verna Fluidic New,Hyundai,2012,10000,Diesel,606479
Maruti Suzuki Wagon R LXi BS III,Maruti,2006,48000,Petrol,111010
Maruti Suzuki Estilo LX BS IV,Maruti,2007,36000,Petrol,114536
Audi A6 2.0 TDI Premium,Audi,2012,11500,Diesel,1154709
Maruti Suzuki Wagon R LXi BS III,Maruti,2003,133000,Petrol,110809
Maruti Suzuki Wagon R,Maruti,2009,27000,Petrol,159434
Maruti Suzuki Wagon R,Maruti,2009,35000,Petrol,167509
Maruti Suzuki Alto,Maruti,2010,55000,Petrol,129099
Maruti Suzuki Baleno Sigma 1.2,Maruti,2016,40000,Petrol,406727
Hyundai Verna 1.6 SX VTVT AT,Hyundai,2019,2000,Petrol,761100
Maruti Suzuki Swift GLAM,Maruti,2009,45000,Petrol,123464
Hyundai Getz Prime 1.3 GVS,Hyundai,2009,20000,Petrol,114241
Hyundai Santro,Hyundai,2000,88000,Petrol,54339
Hyundai Getz Prime 1.3 GLX,Hyundai,2009,20000,Petrol,114241
Chevrolet Beat PS Diesel,Chevrolet,2012,65422,Diesel,200401
Ford EcoSport Trend 1.5 Ti VCT,Ford,2017,10000,Petrol,564349
Maruti Suzuki Dzire ZXI,Maruti,2013,35000,Petrol,313224
Hyundai Fluidic Verna 1.6 CRDi SX,Hyundai,2013,117000,Diesel,379569
Tata Indica V2 DLG,Tata,2005,150000,Diesel,77408
BMW X1 xDrive20d xLine,BMW,2011,72000,Diesel,1099310
Hyundai i20 Asta 1.2,Hyundai,2010,10750,Petrol,230764
Honda City 1.5 V AT,Honda,2009,55000,Petrol,261670
Tata Nano,Tata,2013,6800,Petrol,69840
Chevrolet Cruze LTZ AT,Chevrolet,2014,41000,Diesel,368924
Hyundai Verna Fluidic New,Hyundai,2015,73000,Diesel,506549
Maruti Suzuki Swift Dzire VDi,Maruti,2011,65000,Diesel,178080
Mahindra XUV500 W6,Mahindra,2014,45000,Diesel,5932611
Mahindra XUV500 W10,Mahindra,2018,40000,Diesel,1058200
Maruti Suzuki Alto K10 LXi CNG,Maruti,2014,37000,Petrol,190739
Hyundai Accent GLE,Hyundai,2006,55000,Petrol,89049
Force Motors One SUV,Force,2013,140000,Diesel,478749
Maruti Suzuki Alto,Maruti,2019,9800,Petrol,535399
Chevrolet Spark 1.0 LT,Chevrolet,2011,27000,Petrol,133399
Hyundai i10,Hyundai,2009,27000,Petrol,198321
Toyota Etios Liva GD,Toyota,2012,20000,Diesel,454460
Renault Duster 85PS Diesel RxL Optional with Nav,Renault,2013,57923,Diesel,406372
Chevrolet Enjoy,Chevrolet,2014,30201,Diesel,396489
Maruti Suzuki Alto 800 Lxi,Maruti,2017,6200,Petrol,298390
BMW 5 Series 530i,BMW,2009,37518,Petrol,812000
Toyota Etios Liva G,Toyota,2014,24652,Petrol,386519
Mahindra Jeep MM 550 XDB,Mahindra,2004,383,Diesel,391400
Chevrolet Beat LS Diesel,Chevrolet,2016,95000,Diesel,257785
Chevrolet Cruze LTZ,Chevrolet,2011,35000,Diesel,317845
Jeep Wrangler Unlimited 4x4 Diesel,Jeep,2015,3528,Diesel,835549
Maruti Suzuki Ertiga VDi,Maruti,2013,52500,Diesel,464112
Hyundai Verna VGT CRDi SX ABS,Hyundai,2010,47900,Diesel,240279
Maruti Suzuki Omni,Maruti,2012,14000,Petrol,180155
Maruti Suzuki Celerio VDi,Maruti,2018,37000,Petrol,296730
Tata Zest Quadrajet 1.3,Tata,2017,90000,Diesel,216281
Mahindra XUV500 W6,Mahindra,2013,52800,Diesel,532379
Tata Indigo CS eLX BS IV,Tata,2016,104000,Diesel,179245
Hyundai i10 Era,Hyundai,2011,30000,Petrol,180999
Tata Indigo eCS LX TDI BS III,Tata,2014,195000,Diesel,127850
Tata Indigo LX TDI BS III,Tata,2016,104000,Diesel,179245
Tata Indigo eCS LX CR4 BS IV,Tata,2016,104000,Diesel,179245
Tata Indigo Marina LS,Tata,2004,70000,Diesel,132289
Hyundai Xcent SX 1.2,Hyundai,2015,43000,Diesel,459599
Hyundai Eon Magna Plus,Hyundai,2013,23000,Petrol,209899
Renault Duster 85 PS RxL Diesel,Renault,2015,51000,Diesel,430231
Maruti Suzuki Alto K10 LXi CNG,Maruti,2009,62000,Petrol,111770
Tata Nano LX Special Edition,Tata,2010,48008,Petrol,93120
Renault Duster 110 PS RxZ Diesel,Renault,2013,39000,Diesel,482826
Maruti Suzuki Wagon R AX BSIV,Maruti,2010,40000,Petrol,193706
Maruti Suzuki Swift,Maruti,2006,48247,Petrol,147535
Maruti Suzuki Ertiga,Maruti,2012,39000,Diesel,410851
Maruti Suzuki Swift VXi 1.2 ABS BS IV,Maruti,2014,23000,Petrol,347281
Maruti Suzuki Alto K10 New,Maruti,2017,9400,Petrol,315639
Hyundai i20 Magna,Hyundai,2010,50000,Petrol,212329
Hyundai i10 Magna 1.2,Hyundai,2009,75000,Petrol,190805
Tata Zest XE 75 PS Diesel,Tata,2017,70000,Diesel,304850
Mahindra Xylo E8,Mahindra,2009,64000,Diesel,261399
Toyota Corolla Altis GL Petrol,Toyota,2010,55000,Petrol,203294
Tata Manza Aqua Quadrajet,Tata,2014,200000,Diesel,161600
Renault Kwid 1.0,Renault,2018,2137,Petrol,304499
Tata Venture EX 8 STR,Tata,2013,30000,Diesel,159649
Maruti Suzuki Swift Dzire Tour LXi,Maruti,2014,44000,Petrol,384219
Skoda Octavia Classic 1.9 TDI MT,Skoda,2006,65000,Diesel,125628
Maruti Suzuki Omni LPG BS IV,Maruti,2012,160000,LPG,282380
Chevrolet Beat Diesel,Chevrolet,2011,56000,Diesel,150254
Tata Sumo Gold EX BS IV,Tata,2012,75000,Diesel,206250
Hyundai Verna 1.6 CRDI SX,Hyundai,2018,42000,Diesel,750459
Tata Sumo Gold EX BS IV,Tata,2012,75000,Diesel,206250
Mahindra Scorpio 2.6 CRDe,Mahindra,2007,56000,Diesel,273100
Maruti Suzuki Zen LXi BS III,Maruti,2002,10544,Petrol,86193
Maruti Suzuki Swift Dzire VXi 1.2 BS IV,Maruti,2011,64000,Petrol,242920
Mahindra Scorpio SLX 2.6 Turbo 8 Str,Mahindra,2008,70000,Diesel,277849
Hyundai Grand i10 Sportz 1.2 Kappa VTVT,Hyundai,2014,25000,Petrol,349289
Hyundai Elite i20 Sportz 1.2,Hyundai,2017,15000,Petrol,517589
Ford Ikon 1.6 Nxt,Ford,2003,50000,Petrol,74124
Toyota Innova 2.5 V 7 STR,Toyota,2011,147000,Diesel,802699
Nissan Sunny XL,Nissan,2011,52000,Petrol,234034
Chevrolet Beat LT Diesel,Chevrolet,2012,90001,Diesel,172164
Maruti Suzuki Alto 800 Lxi,Maruti,2017,21000,Petrol,300549
Maruti Suzuki Swift VDi BS IV,Maruti,2012,48006,Diesel,294900
Maruti Suzuki Swift VDi BS IV,Maruti,2012,48006,Diesel,294900
Maruti Suzuki Swift,Maruti,2012,48006,Diesel,294900
Toyota Innova 2.0 G4,Toyota,2012,80000,Diesel,616869
Maruti Suzuki Swift VDi ABS,Maruti,2010,74000,Diesel,193930
Hyundai Elite i20 Asta 1.2,Hyundai,2015,22000,Petrol,465753
Mahindra XUV500 W10,Mahindra,2016,41000,Diesel,859569
Volkswagen Polo Trendline 1.5L D,Volkswagen,2015,25000,Diesel,424278
Toyota Etios Liva Diesel,Toyota,2012,85000,Diesel,456189
Mahindra TUV300 T4 Plus,Mahindra,2016,29500,Diesel,607683
Hyundai Elite i20 Asta 1.2,Hyundai,2015,30000,Petrol,431116
Hyundai Santro Xing GLS,Hyundai,2014,57000,Petrol,240256
Maruti Suzuki Zen LXi BS III,Maruti,2003,60000,Petrol,47804
Maruti Suzuki Ciaz ZXi Plus RS,Maruti,2016,50000,Petrol,565349
Hyundai Eon Era Plus,Hyundai,2013,39700,Petrol,217639
Hyundai Elantra 1.8 S,Hyundai,2012,65000,Petrol,354250
Maruti Suzuki Swift VDi,Maruti,2010,67000,Diesel,234120
Maruti Suzuki Zen Estilo LXI Green CNG,Maruti,2008,46000,Petrol,127833
Hyundai Eon Era Plus,Hyundai,2012,38000,Petrol,215681
Hyundai Grand i10 Magna 1.2 Kappa VTVT,Hyundai,2016,27000,Petrol,488999
Hyundai Verna Fluidic New,Hyundai,2011,43000,Diesel,315269
Ford EcoSport Trend 1.5L Ti VCT,Ford,2014,47000,Petrol,447449
Hyundai i20 Magna,Hyundai,2011,42000,Petrol,228224
Chevrolet Beat Diesel,Chevrolet,2016,19336,Diesel,267029
Tata Indica eV2 LS,Tata,2015,60105,Diesel,152859
Jaguar XF 2.2 Diesel Luxury,Jaguar,2013,29000,Diesel,2198849
Audi Q5 2.0 TDI quattro Premium Plus,Audi,2014,34000,Diesel,1713116
BMW 3 Series 320d Sedan,BMW,2011,35000,Diesel,1082240
Maruti Suzuki Swift ZXi 1.2 BS IV,Maruti,2015,22000,Petrol,370736
BMW X1 sDrive20d,BMW,2012,41000,Diesel,958359
Maruti Suzuki S Cross Sigma 1.3,Maruti,2016,21000,Diesel,586999
Maruti Suzuki Ertiga LDi,Maruti,2013,48000,Diesel,441199
Maruti Suzuki Alto K10 VXi AMT,Maruti,2016,38000,Petrol,331180
Honda City SV,Honda,2014,34000,Diesel,951449
Volkswagen Vento Comfortline Petrol,Volkswagen,2011,45933,Petrol,231351
Honda City 1.5 EXi New,Honda,2005,68000,Petrol,110239
Audi A4 2.0 TDI 177bhp Premium,Audi,2016,44000,Diesel,1405769
Mahindra KUV100,Mahindra,2017,35000,Diesel,410320
Tata Zest XE 75 PS Diesel,Tata,2018,102563,Diesel,435507
Mahindra XUV500 W8,Mahindra,2015,28600,Diesel,872154
Maruti Suzuki Swift Dzire Tour VDi,Maruti,2017,41800,Diesel,650029
Tata Sumo Gold LX BS IV,Tata,2014,116000,Diesel,247798
Maruti Suzuki Swift Dzire VXi 1.2 BS IV,Maruti,2009,59000,Petrol,174650
Mahindra Scorpio 2.6 SLX,Mahindra,2004,58000,Diesel,199840
Maruti Suzuki Omni 8 STR BS III,Maruti,2009,45000,Petrol,123464
Mitsubishi Pajero Sport Limited Edition,Mitsubishi,2015,42590,Diesel,1481400
Renault Duster,Renault,2014,7400,Diesel,733739
Volkswagen Jetta Comfortline 1.9 TDI AT,Volkswagen,2009,54500,Diesel,364735
Maruti Suzuki Ertiga Vxi,Maruti,2012,200000,Diesel,804230
Audi A4 2.0 TDI 177bhp Premium,Audi,2013,27000,Diesel,1144479
Volvo S80 Summum D4,Volvo,2015,42000,Diesel,1403729
Toyota Corolla Altis VL AT Petrol,Toyota,2014,29000,Petrol,621194
Mitsubishi Pajero Sport 2.5 AT,Mitsubishi,2015,37000,Diesel,1609750
Chevrolet Beat LT Petrol,Chevrolet,2012,36000,Petrol,157524
BMW X1,BMW,2011,34000,Diesel,1032390
Datsun Redi GO S,Datsun,2018,7000,Petrol,301349
Mercedes Benz C Class C 220 CDI Avantgarde,Mercedes,2009,76000,Diesel,887909
Mahindra Scorpio SLX,Mahindra,2004,60000,Diesel,200210
Volkswagen Vento Comfortline Diesel,Volkswagen,2011,95000,Diesel,261899
Tata Indigo CS GLS,Tata,2017,50000,Diesel,308530
Ford Figo Petrol Titanium,Ford,2019,0,Petrol,777765
Honda City ZX GXi,Honda,2006,50000,Petrol,154446
Maruti Suzuki Wagon R Duo Lxi,Maruti,2008,68000,Petrol,130250
Ford EcoSport Trend 1.5L TDCi,Ford,2014,16000,Petrol,354489
Maruti Suzuki Swift Dzire VDi,Maruti,2016,51000,Diesel,592109
Maruti Suzuki Omni 8 STR BS III,Maruti,2009,56000,Petrol,114025
Maruti Suzuki Zen LX BSII,Maruti,2004,100000,Petrol,74163
Renault Duster RxL Petrol,Renault,2015,36000,Petrol,451641
Maruti Suzuki Swift VXi 1.2 BS IV,Maruti,2014,11523,Petrol,340314
Maruti Suzuki Baleno Zeta 1.2,Maruti,2018,1000,Petrol,544550
Honda WR V S MT Petrol,Honda,2009,60000,Petrol,221322
Tata Indigo CS eLX BS IV,Tata,2016,85000,Diesel,124133
Renault Duster 110 PS RxL Diesel,Renault,2013,38600,Diesel,506476
Mahindra Scorpio LX BS III,Mahindra,2009,95500,Diesel,298450
Maruti Suzuki Zen LXi BS III,Maruti,2004,56000,Petrol,68989
Maruti Suzuki Wagon R LXi BS III,Maruti,2014,37458,Petrol,158919
Maruti Suzuki SX4 Celebration Diesel,Maruti,2016,85960,Diesel,830080
Audi A3 Cabriolet 40 TFSI,Audi,2015,12516,Petrol,1921249
Hyundai Eon D Lite Plus,Hyundai,2018,35000,Petrol,380224
Maruti Suzuki Zen Estilo LXI Green CNG,Maruti,2009,0,Petrol,149130
Mahindra Scorpio SLX,Mahindra,2008,80000,Diesel,295100
Hyundai Santro AE GLS Audio,Hyundai,2011,45000,Petrol,175393
Maruti Suzuki Swift Dzire Tour VDi,Maruti,2009,51000,Diesel,242575
Mahindra Scorpio S4,Mahindra,2015,30000,Diesel,854995
Mahindra Xylo D2 BS IV,Mahindra,2011,48000,Diesel,384978
Hyundai Santro,Hyundai,2003,51000,Petrol,77306
Chevrolet Beat LT Diesel,Chevrolet,2015,90000,Diesel,281010
Maruti Suzuki Swift Dzire VDi,Maruti,2015,43000,Diesel,477249
Mahindra XUV500 W8,Mahindra,2015,53000,Diesel,755539
Toyota Fortuner 3.0 4x4 MT,Toyota,2013,97000,Diesel,1147949
Maruti Suzuki Alto K10 VXi,Maruti,2013,20000,Petrol,252373
Hyundai Getz GLE,Hyundai,2007,55000,Petrol,97039
Maruti Suzuki Swift Dzire Tour LDi,Maruti,2014,120000,Diesel,305349
Hyundai Creta 1.6 SX,Hyundai,2019,0,Petrol,998930
Hyundai Santro Xing XL AT eRLX Euro III,Hyundai,2007,46000,Petrol,118670
Hyundai Santro Xing XL eRLX Euro III,Hyundai,2009,43200,Petrol,131503
Mahindra Xylo D2 BS IV,Mahindra,2011,56000,Diesel,395447
Hyundai Santro Xing XL eRLX Euro III,Hyundai,2007,42000,Petrol,124530
Tata Indica V2 DLS BS III,Tata,2009,30600,Diesel,107250
Hyundai i10 Sportz 1.2,Hyundai,2011,38000,Petrol,227764
Hyundai Grand i10 Magna 1.2 Kappa VTVT,Hyundai,2017,2550,Petrol,414999
Hyundai Santro Xing XL AT eRLX Euro III,Hyundai,2007,47000,Petrol,127669
Honda City 1.5 E MT,Honda,2005,41000,Petrol,96081
Nissan Micra XL,Nissan,2017,62500,Diesel,522679
Honda City 1.5 S Inspire,Honda,2005,68000,Petrol,110239
Maruti Suzuki Alto 800 Lxi,Maruti,2015,50000,Petrol,286441
Maruti Suzuki Wagon R LX BS III,Maruti,2004,69000,Petrol,65165
Maruti Suzuki Ertiga VDi,Maruti,2012,48000,Diesel,433500
Tata Indica eV2 eXeta eGLX,Tata,2012,55000,Diesel,135550
Maruti Suzuki Omni E 8 STR BS IV,Maruti,2013,25000,Petrol,181800
Hyundai Eon Era Plus,Hyundai,2014,28400,Petrol,225391
Hyundai Eon,Hyundai,2014,28000,Petrol,267230
Maruti Suzuki Swift LDi,Maruti,2015,42000,Diesel,452899
Hyundai Verna 1.6 CRDI SX Plus AT,Hyundai,2012,29000,Diesel,566474
Chevrolet Tavera LS B3 10 Seats BSII,Chevrolet,2005,68485,Diesel,145034
Tata Tiago Revotron XM,Tata,2018,3500,Petrol,481754
Tata Tiago Revotorq XZ,Tata,2019,0,Petrol,579210
Maruti Suzuki Zen LXi BS III,Maruti,2006,32000,Petrol,85816
Mahindra KUV100 K8 D 6 STR,Mahindra,2018,8000,Diesel,653709
Ford EcoSport Titanium 1.5 TDCi,Ford,2014,34000,Diesel,1083556
Hindustan Motors Ambassador Classic Mark 4 – Befo,Hindustan,1995,37000,Petrol,501916
Ford Fusion 1.4 TDCi Diesel,Ford,2007,85455,Diesel,156519
Hyundai Santro Xing XL AT eRLX Euro III,Hyundai,2007,46000,Petrol,118670
Hyundai Santro,Hyundai,2002,47000,Petrol,73190
Fiat Linea Emotion 1.4 L T Jet Petrol,Fiat,2009,64000,Petrol,147919
Ford Ikon 1.3 Flair Josh 100,Ford,2008,46000,Petrol,115446
Maruti Suzuki Omni E 8 STR BS IV,Maruti,2017,8000,Petrol,263940
Tata Indica V2 LS,Tata,2012,64000,Diesel,160000
Mahindra Scorpio S4,Mahindra,2015,63000,Diesel,766520
Hyundai Santro Xing XL eRLX Euro III,Hyundai,2007,65000,Petrol,74780
Mahindra Xylo D2,Mahindra,2009,62000,Diesel,288999
Hyundai Grand i10 Asta 1.2 Kappa VTVT,Hyundai,2014,41000,Petrol,357372
Maruti Suzuki Alto 800 Lxi,Maruti,2015,14000,Petrol,335111
Toyota Corolla,Toyota,2006,40000,Petrol,155979
Hyundai Eon Magna,Hyundai,2017,1600,Petrol,415839
Tata Sumo Grande MKII GX,Tata,2010,90000,Diesel,124684
Maruti Suzuki Swift VDi,Maruti,2011,58000,Diesel,233119
Volkswagen Polo Highline1.2L P,Volkswagen,2013,27000,Petrol,344249
Maruti Suzuki Alto 800 Lx,Maruti,2003,60000,Petrol,47804
Tata Tiago Revotron XZ,Tata,2017,31000,Petrol,408949
Maruti Suzuki Swift LDi,Maruti,2009,90000,Diesel,129650
Maruti Suzuki Swift VDi,Maruti,2009,90000,Diesel,129650
Tata Indigo eCS,Tata,2016,150000,Diesel,171826
Chevrolet Beat LS Diesel,Chevrolet,2014,31000,Diesel,255409
Mahindra Xylo E8 BS IV,Mahindra,2011,43000,Diesel,453760
Hyundai Eon D Lite Plus,Hyundai,2013,20000,Petrol,337433
Tata Sumo Gold FX BSIII,Tata,2013,100000,Petrol,214867
Tata Nano,Tata,2013,7000,Petrol,69840
Hyundai Elite i20,Hyundai,2017,31000,Petrol,599831
Hyundai i10 Magna 1.2 Kappa2,Hyundai,2009,33000,Petrol,319720
Hyundai Creta,Hyundai,2016,60000,Diesel,697600
Volkswagen Polo,Volkswagen,2013,48000,Diesel,383309
Maruti Suzuki Dzire,Maruti,2014,33000,Petrol,362549
Tata Bolt XM Petrol,Tata,2015,15000,Petrol,487459
Maruti Suzuki Alto 800 Lx,Maruti,2005,47000,Petrol,77485
Maruti Suzuki Alto,Maruti,2005,40000,Petrol,95399
Maruti Suzuki Ritz,Maruti,2010,38000,Diesel,174289
Maruti Suzuki Alto 800 Lxi,Maruti,2017,12500,Petrol,433590
Maruti Suzuki Dzire,Maruti,2009,42000,Petrol,178881
Hyundai i20 Asta,Hyundai,2014,31000,Petrol,414253
Maruti Suzuki Swift Select Variant,Maruti,2008,60000,Diesel,166960
Tata Indica V2 DLX BS III,Tata,2005,80000,Diesel,64241
Mahindra Scorpio VLX 2.2 mHawk Airbag BSIV,Mahindra,2014,77000,Diesel,777189
Toyota Innova 2.5 E 8 STR,Toyota,2012,75000,Diesel,688069
Mahindra Xylo E8,Mahindra,2010,40000,Diesel,360839
Hyundai i20 Magna 1.2,Hyundai,2011,47000,Petrol,290479
Maruti Suzuki Omni,Maruti,2000,60000,Petrol,45019
Mahindra KUV100,Mahindra,2016,26500,Petrol,456976
Mahindra KUV100 K8 6 STR,Mahindra,2019,2875,Petrol,571209
Datsun Go Plus,Datsun,2016,13900,Petrol,322469
Ford Endeavor 4x4 Thunder Plus,Ford,2019,9000,Diesel,2122399
Tata Indica V2,Tata,2005,80000,Diesel,64241
Hyundai Santro Xing GL,Hyundai,2006,60000,Petrol,86990
Maruti Suzuki Wagon R 1.0 VXi,Maruti,2016,20000,Petrol,392939
Maruti Suzuki Swift Select Variant,Maruti,2008,58000,Diesel,178180
Maruti Suzuki Alto 800 Lx,Maruti,2019,1500,Petrol,412985
Toyota Innova 2.5 Z Diesel 7 Seater,Toyota,2011,75000,Diesel,716759
Maruti Suzuki Alto 800,Maruti,2016,2450,Petrol,328939
Maruti Suzuki Alto AX,Maruti,2019,1625,Petrol,425500
Volkswagen Polo Highline1.2L P,Volkswagen,2017,45000,Petrol,525349
Mahindra Logan,Mahindra,2009,65000,Diesel,197049
Maruti Suzuki 800 Std BS III,Maruti,2000,33400,Petrol,37689
Mahindra Scorpio,Mahindra,2011,60123,Diesel,413299
Chevrolet Sail 1.2 LS,Chevrolet,2013,28000,Petrol,279409
Hyundai Santro AE GLS Audio,Hyundai,2003,70000,Petrol,66730
Maruti Suzuki Wagon R VXi Minor,Maruti,2006,7000,Petrol,97063
Hyundai Eon,Hyundai,2018,25000,Petrol,309499
Tata Manza,Tata,2015,100000,Diesel,124577
Toyota Etios G,Toyota,2013,42000,Petrol,289024
Hyundai Getz Prime 1.3 GLX,Hyundai,2009,20000,Petrol,114241
Toyota Qualis,Toyota,2003,100000,Diesel,283049
Hyundai Santro Xing,Hyundai,2004,137495,Petrol,66130
Tata Indica eV2 LS,Tata,2016,91200,Diesel,104530
Honda City 1.5 S MT,Honda,2009,55000,Petrol,261670
Tata Zest XE 75 PS Diesel,Tata,2017,120000,Diesel,264200
Mahindra Quanto C4,Mahindra,2013,63000,Diesel,413324
Tata Indigo eCS LX CR4 BS IV,Tata,2016,104000,Diesel,179245
Maruti Suzuki Swift Dzire,Maruti,2016,146000,Diesel,354480
Hyundai Elite i20,Hyundai,2011,40000,Petrol,274749
Hyundai i20 Select Variant,Hyundai,2011,40000,Petrol,274749
Chevrolet Tavera Neo,Chevrolet,2007,100800,Diesel,348569
Maruti Suzuki Dzire,Maruti,2016,150000,Diesel,344480
Hyundai Elite i20,Hyundai,2018,2100,Petrol,433999
Honda City VX Petrol,Honda,2016,95000,Petrol,685054
Maruti Suzuki Dzire,Maruti,2016,2500,Diesel,548319
Hyundai Getz,Hyundai,2006,80000,Petrol,110000
Mercedes Benz C Class 200 K MT,Mercedes,2006,15000,Petrol,493260
Maruti Suzuki Alto LXi BS III,Maruti,2005,65000,Petrol,87591
Maruti Suzuki Swift Dzire Tour VDi,Maruti,2009,51000,Diesel,242575
Skoda Fabia,Skoda,2009,45000,Petrol,135359
Maruti Suzuki Ritz VXI ABS,Maruti,2011,50000,Petrol,255729
Tata Indica V2 DLE BS III,Tata,2009,30000,Diesel,114650
Toyota Corolla Altis,Toyota,2009,132000,Petrol,349860
Tata Zest XM Diesel,Tata,2018,27000,Diesel,334149
Mahindra Quanto C8,Mahindra,2013,40000,Diesel,798588
